ROI;NUM_NETWORKS;Hemisphere;RSN_Label;ROI_Label;X;Y;Z
1;17Networks;LH;VisCent;Striate1;-4;-90;-12
2;17Networks;LH;VisCent;Striate2;-10;-98;-12
3;17Networks;LH;VisCent;Striate3;-8;-94;-2
4;17Networks;LH;VisCent;Striate4;-6;-104;-2
5;17Networks;LH;VisCent;ExStr1;-34;-52;-18
6;17Networks;LH;VisCent;ExStr2;-28;-64;-12
7;17Networks;LH;VisCent;ExStr3;-34;-68;-16
8;17Networks;LH;VisCent;ExStr4;-36;-80;-14
9;17Networks;LH;VisCent;ExStr5;-26;-80;-14
10;17Networks;LH;VisCent;ExStr6;-22;-74;-8
11;17Networks;LH;VisCent;ExStr7;-44;-72;-10
12;17Networks;LH;VisCent;ExStr8;-20;-88;-16
13;17Networks;LH;VisCent;ExStr9;-42;-84;-14
14;17Networks;LH;VisCent;ExStr10;-12;-84;-14
15;17Networks;LH;VisCent;ExStr11;-30;-92;-18
16;17Networks;LH;VisCent;ExStr12;-34;-92;-10
17;17Networks;LH;VisCent;ExStr13;-20;-100;-12
18;17Networks;LH;VisCent;ExStr14;-46;-82;-2
19;17Networks;LH;VisCent;ExStr15;-30;-96;-2
20;17Networks;LH;VisCent;ExStr16;-36;-90;0
21;17Networks;LH;VisCent;ExStr17;-44;-70;6
22;17Networks;LH;VisCent;ExStr18;-48;-78;8
23;17Networks;LH;VisCent;ExStr19;-18;-102;2
24;17Networks;LH;VisCent;ExStr20;-44;-86;10
25;17Networks;LH;VisCent;ExStr21;-24;-96;8
26;17Networks;LH;VisCent;ExStr22;-32;-88;10
27;17Networks;LH;VisCent;ExStr23;-8;-100;10
28;17Networks;LH;VisCent;ExStr24;-18;-98;18
29;17Networks;LH;VisCent;ExStr25;-26;-90;20
30;17Networks;LH;VisCent;ExStr26;-34;-90;20
31;17Networks;LH;VisCent;ExStr27;-10;-96;26
32;17Networks;LH;VisCent;ExStr28;-18;-90;24
33;17Networks;LH;VisCent;ExStr29;-28;-82;20
34;17Networks;LH;VisCent;ExStr30;-24;-82;30
35;17Networks;LH;VisPeri;StriCal1;-8;-62;2
36;17Networks;LH;VisPeri;StriCal2;-4;-80;2
37;17Networks;LH;VisPeri;StriCal3;-4;-68;6
38;17Networks;LH;VisPeri;StriCal4;-6;-88;2
39;17Networks;LH;VisPeri;StriCal5;-16;-68;4
40;17Networks;LH;VisPeri;StriCal6;-12;-76;8
41;17Networks;LH;VisPeri;StriCal7;-6;-82;10
42;17Networks;LH;VisPeri;StriCal8;-2;-94;4
43;17Networks;LH;VisPeri;StriCal9;-8;-70;12
44;17Networks;LH;VisPeri;StriCal10;0;-80;12
45;17Networks;LH;VisPeri;ExStrInf1;-24;-58;-8
46;17Networks;LH;VisPeri;ExStrInf2;-22;-50;-6
47;17Networks;LH;VisPeri;ExStrInf3;-14;-70;-10
48;17Networks;LH;VisPeri;ExStrInf4;-14;-64;-6
49;17Networks;LH;VisPeri;ExStrInf5;-14;-50;-8
50;17Networks;LH;VisPeri;ExStrInf6;-6;-78;-8
51;17Networks;LH;VisPeri;ExStrInf7;-10;-62;-2
52;17Networks;LH;VisPeri;ExStrInf8;-6;-70;-2
53;17Networks;LH;VisPeri;ExStrInf9;-14;-42;-4
54;17Networks;LH;VisPeri;ExStrInf10;-16;-56;0
55;17Networks;LH;VisPeri;ExStrSup1;-24;-58;6
56;17Networks;LH;VisPeri;ExStrSup2;-18;-64;10
57;17Networks;LH;VisPeri;ExStrSup3;-4;-92;16
58;17Networks;LH;VisPeri;ExStrSup4;-8;-68;16
59;17Networks;LH;VisPeri;ExStrSup5;-2;-82;22
60;17Networks;LH;VisPeri;ExStrSup6;-16;-66;16
61;17Networks;LH;VisPeri;ExStrSup7;-4;-76;26
62;17Networks;LH;VisPeri;ExStrSup8;-6;-88;32
63;17Networks;LH;VisPeri;ExStrSup9;-14;-74;24
64;17Networks;LH;VisPeri;ExStrSup10;-18;-90;34
65;17Networks;LH;VisPeri;ExStrSup11;-12;-80;34
66;17Networks;LH;VisPeri;ExStrSup12;-14;-86;42
67;17Networks;LH;SomMotA;1;-8;-6;42
68;17Networks;LH;SomMotA;2;-56;-16;50
69;17Networks;LH;SomMotA;3;-8;-10;48
70;17Networks;LH;SomMotA;4;-50;-26;54
71;17Networks;LH;SomMotA;5;-44;-12;50
72;17Networks;LH;SomMotA;6;-48;-18;54
73;17Networks;LH;SomMotA;7;-8;-20;48
74;17Networks;LH;SomMotA;8;-36;-20;46
75;17Networks;LH;SomMotA;9;-6;-28;50
76;17Networks;LH;SomMotA;10;-4;-12;54
77;17Networks;LH;SomMotA;11;-40;-16;58
78;17Networks;LH;SomMotA;12;-44;-32;64
79;17Networks;LH;SomMotA;13;-40;-26;54
80;17Networks;LH;SomMotA;14;-4;-22;58
81;17Networks;LH;SomMotA;15;-34;-38;62
82;17Networks;LH;SomMotA;16;-8;-40;58
83;17Networks;LH;SomMotA;17;-36;-16;68
84;17Networks;LH;SomMotA;18;-4;-12;62
85;17Networks;LH;SomMotA;19;-32;-30;64
86;17Networks;LH;SomMotA;20;-30;-24;60
87;17Networks;LH;SomMotA;21;-2;-32;60
88;17Networks;LH;SomMotA;22;-26;-40;62
89;17Networks;LH;SomMotA;23;-24;-48;64
90;17Networks;LH;SomMotA;24;-24;-12;72
91;17Networks;LH;SomMotA;25;-28;-32;72
92;17Networks;LH;SomMotA;26;-4;-22;64
93;17Networks;LH;SomMotA;27;-22;-28;56
94;17Networks;LH;SomMotA;28;-16;-10;66
95;17Networks;LH;SomMotA;29;-12;-46;70
96;17Networks;LH;SomMotA;30;-24;-20;72
97;17Networks;LH;SomMotA;31;-4;-42;66
98;17Networks;LH;SomMotA;32;-18;-26;64
99;17Networks;LH;SomMotA;33;-22;-38;72
100;17Networks;LH;SomMotA;34;-12;-8;72
101;17Networks;LH;SomMotA;35;-20;-30;68
102;17Networks;LH;SomMotA;36;-16;-14;74
103;17Networks;LH;SomMotA;37;-8;-16;74
104;17Networks;LH;SomMotA;38;-2;-30;70
105;17Networks;LH;SomMotA;39;-8;-40;76
106;17Networks;LH;SomMotA;40;-18;-40;74
107;17Networks;LH;SomMotA;41;-12;-26;74
108;17Networks;LH;SomMotA;42;-10;-34;72
109;17Networks;LH;SomMotB;Cent1;-60;2;22
110;17Networks;LH;SomMotB;Cent2;-60;-6;20
111;17Networks;LH;SomMotB;Cent3;-64;-10;28
112;17Networks;LH;SomMotB;Cent4;-56;-2;28
113;17Networks;LH;SomMotB;Cent5;-54;-10;32
114;17Networks;LH;SomMotB;Cent6;-60;-10;38
115;17Networks;LH;SomMotB;Cent7;-54;-6;36
116;17Networks;LH;SomMotB;Cent8;-50;-16;40
117;17Networks;LH;SomMotB;Cent9;-44;-12;38
118;17Networks;LH;SomMotB;Cent10;-52;-4;48
119;17Networks;LH;SomMotB;Cent11;-38;-18;40
120;17Networks;LH;SomMotB;S21;-36;-14;14
121;17Networks;LH;SomMotB;S22;-34;-22;18
122;17Networks;LH;SomMotB;S23;-40;-14;18
123;17Networks;LH;SomMotB;S24;-48;-14;14
124;17Networks;LH;SomMotB;S25;-54;-8;10
125;17Networks;LH;SomMotB;S26;-40;-26;20
126;17Networks;LH;SomMotB;S27;-40;-36;16
127;17Networks;LH;SomMotB;S28;-58;-14;14
128;17Networks;LH;SomMotB;S29;-60;-2;12
129;17Networks;LH;SomMotB;S210;-48;-22;18
130;17Networks;LH;SomMotB;S211;-66;-12;16
131;17Networks;LH;SomMotB;S212;-48;-30;18
132;17Networks;LH;SomMotB;S213;-62;-18;20
133;17Networks;LH;SomMotB;Ins1;-34;-24;10
134;17Networks;LH;SomMotB;Aud1;-50;6;-8
135;17Networks;LH;SomMotB;Aud2;-56;-4;0
136;17Networks;LH;SomMotB;Aud3;-46;-12;-4
137;17Networks;LH;SomMotB;Aud4;-62;-12;4
138;17Networks;LH;SomMotB;Aud5;-66;-18;6
139;17Networks;LH;SomMotB;Aud6;-52;-14;6
140;17Networks;LH;SomMotB;Aud7;-42;-20;2
141;17Networks;LH;SomMotB;Aud8;-52;-20;6
142;17Networks;LH;SomMotB;Aud9;-60;-26;10
143;17Networks;LH;SomMotB;Aud10;-40;-24;12
144;17Networks;LH;SomMotB;Aud11;-42;-30;8
145;17Networks;LH;SomMotB;Aud12;-34;-30;16
146;17Networks;LH;SomMotB;Aud13;-48;-34;12
147;17Networks;LH;SomMotB;Aud14;-58;-36;16
148;17Networks;LH;DorsAttnA;TempOcc1;-36;-36;-24
149;17Networks;LH;DorsAttnA;TempOcc2;-44;-42;-22
150;17Networks;LH;DorsAttnA;TempOcc3;-42;-54;-16
151;17Networks;LH;DorsAttnA;TempOcc4;-26;-44;-14
152;17Networks;LH;DorsAttnA;TempOcc5;-46;-66;-18
153;17Networks;LH;DorsAttnA;TempOcc6;-44;-58;-10
154;17Networks;LH;DorsAttnA;TempOcc7;-48;-62;-6
155;17Networks;LH;DorsAttnA;TempOcc8;-46;-72;-2
156;17Networks;LH;DorsAttnA;TempOcc9;-48;-66;2
157;17Networks;LH;DorsAttnA;TempOcc10;-48;-62;10
158;17Networks;LH;DorsAttnA;ParOcc1;-48;-70;16
159;17Networks;LH;DorsAttnA;ParOcc2;-48;-76;20
160;17Networks;LH;DorsAttnA;ParOcc3;-42;-80;16
161;17Networks;LH;DorsAttnA;ParOcc4;-44;-62;16
162;17Networks;LH;DorsAttnA;ParOcc5;-38;-86;24
163;17Networks;LH;DorsAttnA;ParOcc6;-32;-84;26
164;17Networks;LH;DorsAttnA;ParOcc7;-30;-76;30
165;17Networks;LH;DorsAttnA;SPL1;-28;-70;26
166;17Networks;LH;DorsAttnA;SPL2;-22;-82;42
167;17Networks;LH;DorsAttnA;SPL3;-22;-72;36
168;17Networks;LH;DorsAttnA;SPL4;-26;-68;38
169;17Networks;LH;DorsAttnA;SPL5;-24;-64;48
170;17Networks;LH;DorsAttnA;SPL6;-18;-78;50
171;17Networks;LH;DorsAttnA;SPL7;-20;-68;46
172;17Networks;LH;DorsAttnA;SPL8;-28;-60;52
173;17Networks;LH;DorsAttnA;SPL9;-28;-54;48
174;17Networks;LH;DorsAttnA;SPL10;-26;-64;56
175;17Networks;LH;DorsAttnA;SPL11;-28;-56;56
176;17Networks;LH;DorsAttnA;SPL12;-14;-72;56
177;17Networks;LH;DorsAttnA;SPL13;-38;-52;58
178;17Networks;LH;DorsAttnA;SPL14;-8;-70;60
179;17Networks;LH;DorsAttnA;SPL15;-22;-68;62
180;17Networks;LH;DorsAttnA;SPL16;-30;-62;62
181;17Networks;LH;DorsAttnA;SPL17;-14;-64;60
182;17Networks;LH;DorsAttnB;TempOcc1;-54;-68;6
183;17Networks;LH;DorsAttnB;TempOcc2;-58;-60;6
184;17Networks;LH;DorsAttnB;PostC1;-58;-22;38
185;17Networks;LH;DorsAttnB;PostC2;-58;-30;46
186;17Networks;LH;DorsAttnB;PostC3;-56;-20;42
187;17Networks;LH;DorsAttnB;PostC4;-52;-28;42
188;17Networks;LH;DorsAttnB;PostC5;-52;-34;44
189;17Networks;LH;DorsAttnB;PostC6;-42;-32;42
190;17Networks;LH;DorsAttnB;PostC7;-46;-28;44
191;17Networks;LH;DorsAttnB;PostC8;-32;-40;42
192;17Networks;LH;DorsAttnB;PostC9;-40;-36;50
193;17Networks;LH;DorsAttnB;PostC10;-38;-42;56
194;17Networks;LH;DorsAttnB;PostC11;-34;-46;62
195;17Networks;LH;DorsAttnB;PostC12;-6;-62;60
196;17Networks;LH;DorsAttnB;PostC13;-32;-52;68
197;17Networks;LH;DorsAttnB;PostC14;-22;-58;64
198;17Networks;LH;DorsAttnB;PostC15;-6;-54;68
199;17Networks;LH;DorsAttnB;PostC16;-14;-58;68
200;17Networks;LH;DorsAttnB;PostC17;-20;-50;68
201;17Networks;LH;DorsAttnB;PostC18;-14;-50;74
202;17Networks;LH;DorsAttnB;FEF1;-42;-2;50
203;17Networks;LH;DorsAttnB;FEF2;-32;-4;52
204;17Networks;LH;DorsAttnB;FEF3;-40;-4;58
205;17Networks;LH;DorsAttnB;FEF4;-24;-6;52
206;17Networks;LH;DorsAttnB;FEF5;-28;-12;60
207;17Networks;LH;DorsAttnB;FEF6;-20;-6;60
208;17Networks;LH;DorsAttnB;FEF7;-20;0;68
209;17Networks;LH;DorsAttnB;PrCv1;-54;6;34
210;17Networks;LH;DorsAttnB;PrCv2;-50;2;40
211;17Networks;LH;SalVentAttnA;ParOper1;-48;-40;24
212;17Networks;LH;SalVentAttnA;ParOper2;-60;-24;20
213;17Networks;LH;SalVentAttnA;ParOper3;-54;-40;30
214;17Networks;LH;SalVentAttnA;ParOper4;-58;-32;24
215;17Networks;LH;SalVentAttnA;ParOper5;-58;-18;30
216;17Networks;LH;SalVentAttnA;ParOper6;-62;-36;34
217;17Networks;LH;SalVentAttnA;ParOper7;-64;-28;34
218;17Networks;LH;SalVentAttnA;FrOper1;-38;6;10
219;17Networks;LH;SalVentAttnA;FrOper2;-38;-4;16
220;17Networks;LH;SalVentAttnA;FrOper3;-44;-2;12
221;17Networks;LH;SalVentAttnA;FrOper4;-46;6;2
222;17Networks;LH;SalVentAttnA;FrOper5;-48;-4;6
223;17Networks;LH;SalVentAttnA;FrOper6;-54;6;2
224;17Networks;LH;SalVentAttnA;FrOper7;-58;2;8
225;17Networks;LH;SalVentAttnA;FrOper8;-54;8;12
226;17Networks;LH;SalVentAttnA;FrOper9;-60;6;18
227;17Networks;LH;SalVentAttnA;Ins1;-36;6;-16
228;17Networks;LH;SalVentAttnA;Ins2;-38;2;-10
229;17Networks;LH;SalVentAttnA;Ins3;-38;10;-2
230;17Networks;LH;SalVentAttnA;Ins4;-40;-10;-10
231;17Networks;LH;SalVentAttnA;Ins5;-40;-2;2
232;17Networks;LH;SalVentAttnA;Ins6;-38;-16;2
233;17Networks;LH;SalVentAttnA;Ins7;-32;26;8
234;17Networks;LH;SalVentAttnA;Ins8;-32;14;10
235;17Networks;LH;SalVentAttnA;Ins9;-36;-4;10
236;17Networks;LH;SalVentAttnA;ParMed1;-8;-18;38
237;17Networks;LH;SalVentAttnA;ParMed2;-12;-32;40
238;17Networks;LH;SalVentAttnA;ParMed3;-12;-20;40
239;17Networks;LH;SalVentAttnA;ParMed4;-14;-40;46
240;17Networks;LH;SalVentAttnA;ParMed5;-12;-28;44
241;17Networks;LH;SalVentAttnA;ParMed6;-10;-46;52
242;17Networks;LH;SalVentAttnA;ParMed7;-12;-36;50
243;17Networks;LH;SalVentAttnA;ParMed8;-8;-48;60
244;17Networks;LH;SalVentAttnA;FrMed1;-4;16;32
245;17Networks;LH;SalVentAttnA;FrMed2;-2;0;36
246;17Networks;LH;SalVentAttnA;FrMed3;-8;6;38
247;17Networks;LH;SalVentAttnA;FrMed4;-6;4;50
248;17Networks;LH;SalVentAttnA;FrMed5;-4;4;58
249;17Networks;LH;SalVentAttnA;FrMed6;-4;-2;64
250;17Networks;LH;SalVentAttnA;FrMed7;-8;-2;72
251;17Networks;LH;SalVentAttnB;IPL1;-62;-44;30
252;17Networks;LH;SalVentAttnB;IPL2;-60;-42;44
253;17Networks;LH;SalVentAttnB;PFCd1;-12;6;68
254;17Networks;LH;SalVentAttnB;PFCl1;-38;46;18
255;17Networks;LH;SalVentAttnB;PFCl2;-28;50;22
256;17Networks;LH;SalVentAttnB;PFCl3;-30;42;30
257;17Networks;LH;SalVentAttnB;PFCl4;-22;50;30
258;17Networks;LH;SalVentAttnB;PFCl5;-34;32;38
259;17Networks;LH;SalVentAttnB;PFCl6;-26;38;40
260;17Networks;LH;SalVentAttnB;Ins1;-34;12;-12
261;17Networks;LH;SalVentAttnB;Ins2;-36;16;-8
262;17Networks;LH;SalVentAttnB;Ins3;-30;24;-4
263;17Networks;LH;SalVentAttnB;Ins4;-34;30;0
264;17Networks;LH;SalVentAttnB;Ins5;-32;20;4
265;17Networks;LH;SalVentAttnB;Ins6;-38;18;8
266;17Networks;LH;SalVentAttnB;Ins7;-42;14;2
267;17Networks;LH;SalVentAttnB;Ins8;-50;10;12
268;17Networks;LH;SalVentAttnB;OFC1;-28;46;-14
269;17Networks;LH;SalVentAttnB;PFCmp1;-4;18;24
270;17Networks;LH;SalVentAttnB;PFCmp2;-8;28;28
271;17Networks;LH;SalVentAttnB;PFCmp3;-6;16;40
272;17Networks;LH;SalVentAttnB;PFCmp4;-6;14;54
273;17Networks;LH;LimbicB;OFC1;-20;12;-22
274;17Networks;LH;LimbicB;OFC2;-12;22;-18
275;17Networks;LH;LimbicB;OFC3;-14;24;-24
276;17Networks;LH;LimbicB;OFC4;-10;34;-22
277;17Networks;LH;LimbicB;OFC5;-28;16;-24
278;17Networks;LH;LimbicB;OFC6;-8;20;-22
279;17Networks;LH;LimbicB;OFC7;-24;28;-18
280;17Networks;LH;LimbicB;OFC8;-18;40;-20
281;17Networks;LH;LimbicB;OFC9;-4;38;-22
282;17Networks;LH;LimbicB;OFC10;-8;50;-22
283;17Networks;LH;LimbicB;OFC11;-2;20;-18
284;17Networks;LH;LimbicB;OFC12;-4;16;-10
285;17Networks;LH;LimbicB;OFC13;-10;62;-16
286;17Networks;LH;LimbicB;OFC14;-6;32;-12
287;17Networks;LH;LimbicB;OFC15;-22;62;-10
288;17Networks;LH;LimbicB;OFC16;-16;66;-4
289;17Networks;LH;LimbicA;TempPole1;-28;2;-44
290;17Networks;LH;LimbicA;TempPole2;-42;-2;-44
291;17Networks;LH;LimbicA;TempPole3;-38;-12;-38
292;17Networks;LH;LimbicA;TempPole4;-28;-8;-34
293;17Networks;LH;LimbicA;TempPole5;-50;-14;-36
294;17Networks;LH;LimbicA;TempPole6;-18;-2;-30
295;17Networks;LH;LimbicA;TempPole7;-40;-18;-28
296;17Networks;LH;LimbicA;TempPole8;-36;18;-34
297;17Networks;LH;LimbicA;TempPole9;-26;8;-30
298;17Networks;LH;LimbicA;TempPole10;-44;-30;-22
299;17Networks;LH;LimbicA;TempPole11;-54;-32;-28
300;17Networks;LH;LimbicA;TempPole12;-20;-14;-30
301;17Networks;LH;LimbicA;TempPole13;-38;8;-24
302;17Networks;LH;LimbicA;TempPole14;-44;6;-16
303;17Networks;LH;ContA;Temp1;-50;-48;-20
304;17Networks;LH;ContA;Temp2;-56;-58;-18
305;17Networks;LH;ContA;Temp3;-58;-60;-4
306;17Networks;LH;ContA;IPS1;-28;-78;42
307;17Networks;LH;ContA;IPS2;-54;-40;52
308;17Networks;LH;ContA;IPS3;-48;-42;50
309;17Networks;LH;ContA;IPS4;-44;-46;48
310;17Networks;LH;ContA;IPS5;-28;-66;48
311;17Networks;LH;ContA;IPS6;-42;-40;42
312;17Networks;LH;ContA;IPS7;-34;-58;44
313;17Networks;LH;ContA;IPS8;-36;-46;40
314;17Networks;LH;ContA;IPS9;-32;-54;40
315;17Networks;LH;ContA;IPS10;-32;-48;46
316;17Networks;LH;ContA;PFCd1;-28;4;58
317;17Networks;LH;ContA;PFCd2;-22;8;62
318;17Networks;LH;ContA;PFCl1;-48;14;24
319;17Networks;LH;ContA;PFCl2;-48;6;22
320;17Networks;LH;ContA;PFCl3;-52;6;28
321;17Networks;LH;ContA;PFCl4;-44;24;28
322;17Networks;LH;ContA;PFCl5;-42;38;30
323;17Networks;LH;ContA;PFCl6;-36;8;28
324;17Networks;LH;ContA;PFCl7;-42;2;32
325;17Networks;LH;ContA;PFCl8;-40;10;32
326;17Networks;LH;ContA;PFCl9;-40;4;36
327;17Networks;LH;ContA;PFClv1;-48;42;4
328;17Networks;LH;ContA;PFClv2;-52;32;12
329;17Networks;LH;ContA;PFClv3;-42;38;14
330;17Networks;LH;ContA;PFClv4;-44;26;20
331;17Networks;LH;ContA;PFClv5;-42;34;22
332;17Networks;LH;ContA;Cingm1;-4;10;28
333;17Networks;LH;ContA;Cingm2;-4;-2;30
334;17Networks;LH;ContB;Temp1;-60;-40;-20
335;17Networks;LH;ContB;Temp2;-62;-34;-14
336;17Networks;LH;ContB;Temp3;-60;-48;-12
337;17Networks;LH;ContB;Temp4;-62;-50;-4
338;17Networks;LH;ContB;IPL1;-52;-50;42
339;17Networks;LH;ContB;IPL2;-56;-46;46
340;17Networks;LH;ContB;IPL3;-44;-64;52
341;17Networks;LH;ContB;IPL4;-32;-70;50
342;17Networks;LH;ContB;IPL5;-48;-56;52
343;17Networks;LH;ContB;IPL6;-50;-48;54
344;17Networks;LH;ContB;IPL7;-38;-62;52
345;17Networks;LH;ContB;IPL8;-42;-54;48
346;17Networks;LH;ContB;PFCd1;-30;16;56
347;17Networks;LH;ContB;PFCd2;-24;14;52
348;17Networks;LH;ContB;PFCd3;-22;22;58
349;17Networks;LH;ContB;PFCl1;-46;22;36
350;17Networks;LH;ContB;PFCl2;-46;14;40
351;17Networks;LH;ContB;PFCl3;-38;24;46
352;17Networks;LH;ContB;PFClv1;-38;50;-14
353;17Networks;LH;ContB;PFClv2;-40;52;-4
354;17Networks;LH;ContB;PFClv3;-28;58;-2
355;17Networks;LH;ContB;PFClv4;-38;50;6
356;17Networks;LH;ContB;PFClv5;-28;56;10
357;17Networks;LH;ContB;PFCmp1;-4;36;34
358;17Networks;LH;ContB;PFCmp2;-4;24;48
359;17Networks;LH;ContC;pCun1;-16;-68;26
360;17Networks;LH;ContC;pCun2;-10;-70;30
361;17Networks;LH;ContC;pCun3;-10;-72;38
362;17Networks;LH;ContC;pCun4;-4;-32;42
363;17Networks;LH;ContC;pCun5;-12;-78;44
364;17Networks;LH;ContC;pCun6;-4;-40;42
365;17Networks;LH;ContC;pCun7;-4;-76;44
366;17Networks;LH;ContC;pCun8;-4;-68;44
367;17Networks;LH;ContC;pCun9;-6;-76;52
368;17Networks;LH;ContC;pCun10;-6;-58;48
369;17Networks;LH;ContC;pCun11;-4;-66;52
370;17Networks;LH;ContC;pCun12;-4;-50;52
371;17Networks;LH;ContC;pCun13;-4;-54;58
372;17Networks;LH;ContC;Cingp1;-6;-44;20
373;17Networks;LH;ContC;Cingp2;-6;-38;24
374;17Networks;LH;ContC;Cingp3;-6;-26;28
375;17Networks;LH;ContC;Cingp4;-4;-12;30
376;17Networks;LH;ContC;Cingp5;-4;-32;28
377;17Networks;LH;ContC;Cingp6;-2;-22;30
378;17Networks;LH;DefaultA;IPL1;-44;-64;24
379;17Networks;LH;DefaultA;IPL2;-48;-70;30
380;17Networks;LH;DefaultA;IPL3;-48;-64;32
381;17Networks;LH;DefaultA;IPL4;-38;-78;40
382;17Networks;LH;DefaultA;IPL5;-46;-70;40
383;17Networks;LH;DefaultA;IPL6;-46;-62;42
384;17Networks;LH;DefaultA;IPL7;-38;-72;48
385;17Networks;LH;DefaultA;PFCd1;-20;44;42
386;17Networks;LH;DefaultA;PFCd2;-26;28;44
387;17Networks;LH;DefaultA;PFCd3;-20;34;50
388;17Networks;LH;DefaultA;PFCd4;-22;18;46
389;17Networks;LH;DefaultA;pCunPCC1;-6;-46;14
390;17Networks;LH;DefaultA;pCunPCC2;-4;-54;18
391;17Networks;LH;DefaultA;pCunPCC3;-2;-48;24
392;17Networks;LH;DefaultA;pCunPCC4;-4;-60;22
393;17Networks;LH;DefaultA;pCunPCC5;-4;-42;26
394;17Networks;LH;DefaultA;pCunPCC6;-8;-52;26
395;17Networks;LH;DefaultA;pCunPCC7;-6;-66;26
396;17Networks;LH;DefaultA;pCunPCC8;-6;-46;30
397;17Networks;LH;DefaultA;pCunPCC9;-6;-58;30
398;17Networks;LH;DefaultA;pCunPCC10;-4;-40;30
399;17Networks;LH;DefaultA;pCunPCC11;-12;-50;30
400;17Networks;LH;DefaultA;pCunPCC12;-4;-64;32
401;17Networks;LH;DefaultA;pCunPCC13;-4;-34;36
402;17Networks;LH;DefaultA;pCunPCC14;-10;-42;34
403;17Networks;LH;DefaultA;pCunPCC15;-2;-14;36
404;17Networks;LH;DefaultA;pCunPCC16;-2;-26;38
405;17Networks;LH;DefaultA;pCunPCC17;-8;-54;34
406;17Networks;LH;DefaultA;pCunPCC18;-2;-70;36
407;17Networks;LH;DefaultA;pCunPCC19;-12;-48;38
408;17Networks;LH;DefaultA;pCunPCC20;-6;-62;38
409;17Networks;LH;DefaultA;pCunPCC21;-6;-54;42
410;17Networks;LH;DefaultA;pCunPCC22;-6;-48;44
411;17Networks;LH;DefaultA;PFCm1;-4;54;-10
412;17Networks;LH;DefaultA;PFCm2;-4;24;-6
413;17Networks;LH;DefaultA;PFCm3;-8;46;-4
414;17Networks;LH;DefaultA;PFCm4;-4;36;-4
415;17Networks;LH;DefaultA;PFCm5;-8;68;2
416;17Networks;LH;DefaultA;PFCm6;-6;60;8
417;17Networks;LH;DefaultA;PFCm7;-6;44;6
418;17Networks;LH;DefaultA;PFCm8;-20;66;10
419;17Networks;LH;DefaultA;PFCm9;-2;36;8
420;17Networks;LH;DefaultA;PFCm10;-8;68;16
421;17Networks;LH;DefaultA;PFCm11;-2;30;18
422;17Networks;LH;DefaultA;PFCm12;-8;36;20
423;17Networks;LH;DefaultB;Temp1;-46;8;-36
424;17Networks;LH;DefaultB;Temp2;-52;-6;-32
425;17Networks;LH;DefaultB;Temp3;-60;-22;-26
426;17Networks;LH;DefaultB;Temp4;-54;4;-26
427;17Networks;LH;DefaultB;Temp5;-48;14;-24
428;17Networks;LH;DefaultB;Temp6;-62;-16;-20
429;17Networks;LH;DefaultB;Temp7;-60;-10;-14
430;17Networks;LH;DefaultB;Temp8;-64;-24;-8
431;17Networks;LH;DefaultB;Temp9;-66;-36;-6
432;17Networks;LH;DefaultB;Temp10;-52;-22;-8
433;17Networks;LH;DefaultB;Temp11;-58;-32;-4
434;17Networks;LH;DefaultB;Temp12;-62;-42;0
435;17Networks;LH;DefaultB;Temp13;-48;-34;-2
436;17Networks;LH;DefaultB;IPL1;-48;-58;18
437;17Networks;LH;DefaultB;IPL2;-46;-50;20
438;17Networks;LH;DefaultB;IPL3;-44;-56;26
439;17Networks;LH;DefaultB;IPL4;-52;-54;26
440;17Networks;LH;DefaultB;IPL5;-62;-54;26
441;17Networks;LH;DefaultB;IPL6;-46;-58;34
442;17Networks;LH;DefaultB;IPL7;-54;-58;34
443;17Networks;LH;DefaultB;IPL8;-60;-50;34
444;17Networks;LH;DefaultB;IPL9;-54;-60;42
445;17Networks;LH;DefaultB;PFCd1;-24;58;20
446;17Networks;LH;DefaultB;PFCd2;-6;50;22
447;17Networks;LH;DefaultB;PFCd3;-16;60;26
448;17Networks;LH;DefaultB;PFCd4;-6;62;28
449;17Networks;LH;DefaultB;PFCd5;-4;48;38
450;17Networks;LH;DefaultB;PFCd6;-12;52;40
451;17Networks;LH;DefaultB;PFCd7;-2;34;48
452;17Networks;LH;DefaultB;PFCd8;-8;42;52
453;17Networks;LH;DefaultB;PFCd9;-6;24;60
454;17Networks;LH;DefaultB;PFCd10;-14;28;58
455;17Networks;LH;DefaultB;PFCd11;-4;12;64
456;17Networks;LH;DefaultB;PFCd12;-16;14;66
457;17Networks;LH;DefaultB;PFCl1;-42;6;48
458;17Networks;LH;DefaultB;PFCl2;-38;14;56
459;17Networks;LH;DefaultB;PFCv1;-28;16;-16
460;17Networks;LH;DefaultB;PFCv2;-36;36;-12
461;17Networks;LH;DefaultB;PFCv3;-38;24;-14
462;17Networks;LH;DefaultB;PFCv4;-46;30;-10
463;17Networks;LH;DefaultB;PFCv5;-50;40;-6
464;17Networks;LH;DefaultB;PFCv6;-44;28;-2
465;17Networks;LH;DefaultB;PFCv7;-52;28;2
466;17Networks;LH;DefaultB;PFCv8;-44;20;6
467;17Networks;LH;DefaultB;PFCv9;-54;18;12
468;17Networks;LH;DefaultC;IPL1;-42;-72;22
469;17Networks;LH;DefaultC;IPL2;-44;-78;28
470;17Networks;LH;DefaultC;IPL3;-36;-84;34
471;17Networks;LH;DefaultC;Rsp1;-12;-46;2
472;17Networks;LH;DefaultC;Rsp2;-14;-50;4
473;17Networks;LH;DefaultC;Rsp3;-6;-46;8
474;17Networks;LH;DefaultC;Rsp4;-16;-58;8
475;17Networks;LH;DefaultC;Rsp5;-8;-54;8
476;17Networks;LH;DefaultC;Rsp6;-18;-60;16
477;17Networks;LH;DefaultC;Rsp7;-10;-58;16
478;17Networks;LH;DefaultC;Rsp8;-16;-64;22
479;17Networks;LH;DefaultC;PHC1;-32;-24;-26
480;17Networks;LH;DefaultC;PHC2;-30;-32;-18
481;17Networks;LH;DefaultC;PHC3;-20;-24;-22
482;17Networks;LH;DefaultC;PHC4;-32;-42;-10
483;17Networks;LH;DefaultC;PHC5;-20;-36;-14
484;17Networks;LH;DefaultC;PHC6;-16;-38;-10
485;17Networks;LH;TempPar;1;-52;6;-16
486;17Networks;LH;TempPar;2;-54;-4;-10
487;17Networks;LH;TempPar;3;-58;-14;-4
488;17Networks;LH;TempPar;4;-58;-24;0
489;17Networks;LH;TempPar;5;-54;-42;2
490;17Networks;LH;TempPar;6;-60;-50;6
491;17Networks;LH;TempPar;7;-54;-34;4
492;17Networks;LH;TempPar;8;-66;-30;6
493;17Networks;LH;TempPar;9;-50;-44;8
494;17Networks;LH;TempPar;10;-56;-58;14
495;17Networks;LH;TempPar;11;-62;-40;10
496;17Networks;LH;TempPar;12;-48;-50;12
497;17Networks;LH;TempPar;13;-54;-46;14
498;17Networks;LH;TempPar;14;-64;-46;14
499;17Networks;LH;TempPar;15;-60;-52;18
500;17Networks;LH;TempPar;16;-58;-44;22
501;17Networks;RH;VisCent;Striate1;12;-96;-8
502;17Networks;RH;VisCent;Striate2;8;-92;0
503;17Networks;RH;VisCent;Striate3;14;-104;2
504;17Networks;RH;VisCent;Striate4;10;-98;4
505;17Networks;RH;VisCent;ExStr1;36;-52;-18
506;17Networks;RH;VisCent;ExStr2;26;-48;-14
507;17Networks;RH;VisCent;ExStr3;46;-56;-18
508;17Networks;RH;VisCent;ExStr4;36;-66;-16
509;17Networks;RH;VisCent;ExStr5;26;-72;-10
510;17Networks;RH;VisCent;ExStr6;28;-60;-8
511;17Networks;RH;VisCent;ExStr7;38;-78;-16
512;17Networks;RH;VisCent;ExStr8;26;-82;-12
513;17Networks;RH;VisCent;ExStr9;20;-70;-10
514;17Networks;RH;VisCent;ExStr10;46;-78;-14
515;17Networks;RH;VisCent;ExStr11;20;-88;-12
516;17Networks;RH;VisCent;ExStr12;14;-80;-14
517;17Networks;RH;VisCent;ExStr13;34;-90;-16
518;17Networks;RH;VisCent;ExStr14;6;-90;-12
519;17Networks;RH;VisCent;ExStr15;48;-76;-8
520;17Networks;RH;VisCent;ExStr16;22;-98;-14
521;17Networks;RH;VisCent;ExStr17;4;-82;-4
522;17Networks;RH;VisCent;ExStr18;34;-94;-6
523;17Networks;RH;VisCent;ExStr19;46;-66;0
524;17Networks;RH;VisCent;ExStr20;42;-86;-4
525;17Networks;RH;VisCent;ExStr21;22;-100;-6
526;17Networks;RH;VisCent;ExStr22;52;-74;0
527;17Networks;RH;VisCent;ExStr23;26;-98;4
528;17Networks;RH;VisCent;ExStr24;34;-90;4
529;17Networks;RH;VisCent;ExStr25;44;-80;4
530;17Networks;RH;VisCent;ExStr26;14;-100;12
531;17Networks;RH;VisCent;ExStr27;26;-96;14
532;17Networks;RH;VisCent;ExStr28;6;-94;16
533;17Networks;RH;VisCent;ExStr29;38;-84;10
534;17Networks;RH;VisCent;ExStr30;14;-94;20
535;17Networks;RH;VisCent;ExStr31;30;-88;12
536;17Networks;RH;VisCent;ExStr32;26;-90;20
537;17Networks;RH;VisCent;ExStr33;34;-84;18
538;17Networks;RH;VisCent;ExStr34;28;-82;28
539;17Networks;RH;VisCent;ExStr35;24;-86;38
540;17Networks;RH;VisPeri;StriCal1;4;-72;6
541;17Networks;RH;VisPeri;StriCal2;12;-64;6
542;17Networks;RH;VisPeri;StriCal3;8;-82;6
543;17Networks;RH;VisPeri;StriCal4;24;-62;6
544;17Networks;RH;VisPeri;StriCal5;12;-72;10
545;17Networks;RH;VisPeri;StriCal6;4;-76;14
546;17Networks;RH;VisPeri;ExStrInf1;30;-46;-8
547;17Networks;RH;VisPeri;ExStrInf2;22;-44;-10
548;17Networks;RH;VisPeri;ExStrInf3;20;-60;-6
549;17Networks;RH;VisPeri;ExStrInf4;16;-36;-12
550;17Networks;RH;VisPeri;ExStrInf5;14;-50;-6
551;17Networks;RH;VisPeri;ExStrInf6;12;-62;-2
552;17Networks;RH;VisPeri;ExStrInf7;8;-72;-4
553;17Networks;RH;VisPeri;ExStrInf8;18;-44;-2
554;17Networks;RH;VisPeri;ExStrInf9;14;-56;2
555;17Networks;RH;VisPeri;ExStrInf10;4;-62;6
556;17Networks;RH;VisPeri;ExStrInf11;26;-52;4
557;17Networks;RH;VisPeri;ExStrInf12;20;-54;8
558;17Networks;RH;VisPeri;ExStrSup1;4;-86;10
559;17Networks;RH;VisPeri;ExStrSup2;22;-60;12
560;17Networks;RH;VisPeri;ExStrSup3;8;-66;18
561;17Networks;RH;VisPeri;ExStrSup4;6;-80;22
562;17Networks;RH;VisPeri;ExStrSup5;18;-64;18
563;17Networks;RH;VisPeri;ExStrSup6;8;-90;28
564;17Networks;RH;VisPeri;ExStrSup7;8;-74;28
565;17Networks;RH;VisPeri;ExStrSup8;18;-72;24
566;17Networks;RH;VisPeri;ExStrSup9;18;-88;28
567;17Networks;RH;VisPeri;ExStrSup10;10;-86;40
568;17Networks;RH;VisPeri;ExStrSup11;16;-80;36
569;17Networks;RH;SomMotA;1;52;-18;42
570;17Networks;RH;SomMotA;2;12;-16;42
571;17Networks;RH;SomMotA;3;50;-22;46
572;17Networks;RH;SomMotA;4;50;-14;50
573;17Networks;RH;SomMotA;5;54;-18;54
574;17Networks;RH;SomMotA;6;10;-10;48
575;17Networks;RH;SomMotA;7;40;-14;48
576;17Networks;RH;SomMotA;8;48;-28;56
577;17Networks;RH;SomMotA;9;40;-20;48
578;17Networks;RH;SomMotA;10;46;-20;60
579;17Networks;RH;SomMotA;11;44;-8;60
580;17Networks;RH;SomMotA;12;6;-16;52
581;17Networks;RH;SomMotA;13;8;-30;50
582;17Networks;RH;SomMotA;14;40;-18;56
583;17Networks;RH;SomMotA;15;30;-38;56
584;17Networks;RH;SomMotA;16;40;-34;60
585;17Networks;RH;SomMotA;17;38;-24;52
586;17Networks;RH;SomMotA;18;42;-28;66
587;17Networks;RH;SomMotA;19;6;-36;56
588;17Networks;RH;SomMotA;20;38;-16;66
589;17Networks;RH;SomMotA;21;32;-40;66
590;17Networks;RH;SomMotA;22;4;-24;58
591;17Networks;RH;SomMotA;23;32;-28;60
592;17Networks;RH;SomMotA;24;30;-34;66
593;17Networks;RH;SomMotA;25;30;-24;60
594;17Networks;RH;SomMotA;26;28;-12;66
595;17Networks;RH;SomMotA;27;8;-40;62
596;17Networks;RH;SomMotA;28;4;-10;66
597;17Networks;RH;SomMotA;29;28;-18;72
598;17Networks;RH;SomMotA;30;2;-34;64
599;17Networks;RH;SomMotA;31;24;-28;66
600;17Networks;RH;SomMotA;32;24;-42;66
601;17Networks;RH;SomMotA;33;18;-4;68
602;17Networks;RH;SomMotA;34;22;-34;70
603;17Networks;RH;SomMotA;35;14;-42;68
604;17Networks;RH;SomMotA;36;20;-24;66
605;17Networks;RH;SomMotA;37;20;-14;72
606;17Networks;RH;SomMotA;38;6;-40;70
607;17Networks;RH;SomMotA;39;14;-44;76
608;17Networks;RH;SomMotA;40;6;-20;74
609;17Networks;RH;SomMotA;41;12;-14;72
610;17Networks;RH;SomMotA;42;22;-38;74
611;17Networks;RH;SomMotA;43;16;-30;70
612;17Networks;RH;SomMotA;44;20;-30;76
613;17Networks;RH;SomMotA;45;4;-32;74
614;17Networks;RH;SomMotA;46;12;-38;78
615;17Networks;RH;SomMotA;47;14;-26;72
616;17Networks;RH;SomMotA;48;12;-32;76
617;17Networks;RH;SomMotB;Cent1;62;2;22
618;17Networks;RH;SomMotB;Cent2;64;-6;24
619;17Networks;RH;SomMotB;Cent3;56;-4;24
620;17Networks;RH;SomMotB;Cent4;58;0;34
621;17Networks;RH;SomMotB;Cent5;62;-10;40
622;17Networks;RH;SomMotB;Cent6;56;-8;34
623;17Networks;RH;SomMotB;Cent7;50;-6;32
624;17Networks;RH;SomMotB;Cent8;60;-12;46
625;17Networks;RH;SomMotB;Cent9;56;-4;44
626;17Networks;RH;SomMotB;Cent10;50;-14;40
627;17Networks;RH;SomMotB;Cent11;44;-12;38
628;17Networks;RH;SomMotB;Cent12;40;-16;42
629;17Networks;RH;SomMotB;S21;40;-4;6
630;17Networks;RH;SomMotB;S22;38;-10;12
631;17Networks;RH;SomMotB;S23;36;-10;18
632;17Networks;RH;SomMotB;S24;44;-2;14
633;17Networks;RH;SomMotB;S25;34;-22;18
634;17Networks;RH;SomMotB;S26;42;-12;18
635;17Networks;RH;SomMotB;S27;38;-26;20
636;17Networks;RH;SomMotB;S28;50;-8;12
637;17Networks;RH;SomMotB;S29;48;-18;18
638;17Networks;RH;SomMotB;S210;60;-2;10
639;17Networks;RH;SomMotB;S211;44;-28;20
640;17Networks;RH;SomMotB;S212;58;-12;14
641;17Networks;RH;SomMotB;S213;52;-22;18
642;17Networks;RH;SomMotB;S214;66;-8;14
643;17Networks;RH;SomMotB;S215;64;-12;26
644;17Networks;RH;SomMotB;Ins1;34;-18;12
645;17Networks;RH;SomMotB;Aud1;46;6;-14
646;17Networks;RH;SomMotB;Aud2;52;12;-10
647;17Networks;RH;SomMotB;Aud3;54;2;-4
648;17Networks;RH;SomMotB;Aud4;46;-10;-6
649;17Networks;RH;SomMotB;Aud5;66;-8;-2
650;17Networks;RH;SomMotB;Aud6;48;-12;0
651;17Networks;RH;SomMotB;Aud7;54;-12;4
652;17Networks;RH;SomMotB;Aud8;68;-16;4
653;17Networks;RH;SomMotB;Aud9;42;-20;2
654;17Networks;RH;SomMotB;Aud10;38;-22;10
655;17Networks;RH;SomMotB;Aud11;60;-22;10
656;17Networks;RH;SomMotB;Aud12;42;-28;12
657;17Networks;RH;SomMotB;Aud13;64;-28;14
658;17Networks;RH;SomMotB;Aud14;48;-32;16
659;17Networks;RH;DorsAttnA;TempOcc1;48;-34;-22
660;17Networks;RH;DorsAttnA;TempOcc2;32;-36;-22
661;17Networks;RH;DorsAttnA;TempOcc3;46;-46;-20
662;17Networks;RH;DorsAttnA;TempOcc4;52;-46;-18
663;17Networks;RH;DorsAttnA;TempOcc5;50;-60;-12
664;17Networks;RH;DorsAttnA;TempOcc6;50;-62;-6
665;17Networks;RH;DorsAttnA;TempOcc7;56;-56;-4
666;17Networks;RH;DorsAttnA;TempOcc8;50;-60;4
667;17Networks;RH;DorsAttnA;ParOcc1;50;-66;8
668;17Networks;RH;DorsAttnA;ParOcc2;52;-60;14
669;17Networks;RH;DorsAttnA;ParOcc3;48;-72;12
670;17Networks;RH;DorsAttnA;ParOcc4;48;-58;20
671;17Networks;RH;DorsAttnA;ParOcc5;46;-68;18
672;17Networks;RH;DorsAttnA;ParOcc6;44;-80;16
673;17Networks;RH;DorsAttnA;ParOcc7;40;-84;26
674;17Networks;RH;DorsAttnA;ParOcc8;34;-76;22
675;17Networks;RH;DorsAttnA;ParOcc9;38;-78;32
676;17Networks;RH;DorsAttnA;SPL1;30;-66;34
677;17Networks;RH;DorsAttnA;SPL2;30;-76;40
678;17Networks;RH;DorsAttnA;SPL3;22;-82;48
679;17Networks;RH;DorsAttnA;SPL4;24;-74;52
680;17Networks;RH;DorsAttnA;SPL5;24;-66;46
681;17Networks;RH;DorsAttnA;SPL6;30;-64;52
682;17Networks;RH;DorsAttnA;SPL7;14;-78;52
683;17Networks;RH;DorsAttnA;SPL8;36;-46;52
684;17Networks;RH;DorsAttnA;SPL9;32;-58;58
685;17Networks;RH;DorsAttnA;SPL10;30;-50;52
686;17Networks;RH;DorsAttnA;SPL11;18;-70;54
687;17Networks;RH;DorsAttnA;SPL12;24;-66;56
688;17Networks;RH;DorsAttnA;SPL13;10;-72;54
689;17Networks;RH;DorsAttnA;SPL14;30;-54;62
690;17Networks;RH;DorsAttnA;SPL15;24;-60;62
691;17Networks;RH;DorsAttnA;SPL16;20;-66;64
692;17Networks;RH;DorsAttnA;SPL17;10;-64;62
693;17Networks;RH;DorsAttnB;TempOcc1;62;-54;2
694;17Networks;RH;DorsAttnB;PostC1;60;-12;32
695;17Networks;RH;DorsAttnB;PostC2;64;-22;40
696;17Networks;RH;DorsAttnB;PostC3;58;-18;34
697;17Networks;RH;DorsAttnB;PostC4;56;-16;38
698;17Networks;RH;DorsAttnB;PostC5;56;-22;44
699;17Networks;RH;DorsAttnB;PostC6;54;-28;52
700;17Networks;RH;DorsAttnB;PostC7;48;-28;42
701;17Networks;RH;DorsAttnB;PostC8;42;-38;56
702;17Networks;RH;DorsAttnB;PostC9;40;-32;44
703;17Networks;RH;DorsAttnB;PostC10;42;-28;44
704;17Networks;RH;DorsAttnB;PostC11;34;-34;48
705;17Networks;RH;DorsAttnB;PostC12;38;-40;58
706;17Networks;RH;DorsAttnB;PostC13;38;-48;62
707;17Networks;RH;DorsAttnB;PostC14;6;-54;60
708;17Networks;RH;DorsAttnB;PostC15;30;-48;70
709;17Networks;RH;DorsAttnB;PostC16;10;-46;64
710;17Networks;RH;DorsAttnB;PostC17;22;-56;70
711;17Networks;RH;DorsAttnB;PostC18;16;-56;68
712;17Networks;RH;DorsAttnB;PostC19;8;-52;70
713;17Networks;RH;DorsAttnB;PostC20;20;-48;70
714;17Networks;RH;DorsAttnB;FEF1;42;-2;52
715;17Networks;RH;DorsAttnB;FEF2;32;-2;52
716;17Networks;RH;DorsAttnB;FEF3;26;4;52
717;17Networks;RH;DorsAttnB;FEF4;34;-8;58
718;17Networks;RH;DorsAttnB;FEF5;26;-8;52
719;17Networks;RH;DorsAttnB;FEF6;24;-4;62
720;17Networks;RH;DorsAttnB;PrCv1;54;10;30
721;17Networks;RH;SalVentAttnA;ParOper1;64;-32;20
722;17Networks;RH;SalVentAttnA;ParOper2;54;-32;24
723;17Networks;RH;SalVentAttnA;ParOper3;64;-40;20
724;17Networks;RH;SalVentAttnA;ParOper4;50;-28;26
725;17Networks;RH;SalVentAttnA;ParOper5;64;-32;28
726;17Networks;RH;SalVentAttnA;ParOper6;60;-20;20
727;17Networks;RH;SalVentAttnA;ParOper7;56;-30;34
728;17Networks;RH;SalVentAttnA;ParOper8;60;-24;28
729;17Networks;RH;SalVentAttnA;ParOper9;62;-28;38
730;17Networks;RH;SalVentAttnA;ParOper10;64;-18;28
731;17Networks;RH;SalVentAttnA;PrC1;50;-2;48
732;17Networks;RH;SalVentAttnA;PrC2;48;-8;52
733;17Networks;RH;SalVentAttnA;FrOper1;38;12;10
734;17Networks;RH;SalVentAttnA;FrOper2;44;12;4
735;17Networks;RH;SalVentAttnA;FrOper3;40;2;14
736;17Networks;RH;SalVentAttnA;FrOper4;50;8;0
737;17Networks;RH;SalVentAttnA;FrOper5;48;0;6
738;17Networks;RH;SalVentAttnA;FrOper6;58;4;6
739;17Networks;RH;SalVentAttnA;FrOper7;56;8;12
740;17Networks;RH;SalVentAttnA;FrOper8;60;10;20
741;17Networks;RH;SalVentAttnA;Ins1;38;8;-20
742;17Networks;RH;SalVentAttnA;Ins2;38;10;-12
743;17Networks;RH;SalVentAttnA;Ins3;40;0;-12
744;17Networks;RH;SalVentAttnA;Ins4;40;10;-2
745;17Networks;RH;SalVentAttnA;Ins5;40;-6;-6
746;17Networks;RH;SalVentAttnA;Ins6;38;6;4
747;17Networks;RH;SalVentAttnA;Ins7;40;-14;2
748;17Networks;RH;SalVentAttnA;Ins8;34;20;10
749;17Networks;RH;SalVentAttnA;Ins9;34;6;10
750;17Networks;RH;SalVentAttnA;ParMed1;8;-26;40
751;17Networks;RH;SalVentAttnA;ParMed2;8;-14;40
752;17Networks;RH;SalVentAttnA;ParMed3;10;-34;42
753;17Networks;RH;SalVentAttnA;ParMed4;14;-24;38
754;17Networks;RH;SalVentAttnA;ParMed5;12;-40;44
755;17Networks;RH;SalVentAttnA;ParMed6;16;-30;44
756;17Networks;RH;SalVentAttnA;ParMed7;12;-22;46
757;17Networks;RH;SalVentAttnA;ParMed8;8;-42;50
758;17Networks;RH;SalVentAttnA;ParMed9;14;-36;52
759;17Networks;RH;SalVentAttnA;ParMed10;6;-46;58
760;17Networks;RH;SalVentAttnA;ParMed11;14;-44;58
761;17Networks;RH;SalVentAttnA;FrMed1;4;10;34
762;17Networks;RH;SalVentAttnA;FrMed2;4;-6;36
763;17Networks;RH;SalVentAttnA;FrMed3;8;14;40
764;17Networks;RH;SalVentAttnA;FrMed4;6;-2;42
765;17Networks;RH;SalVentAttnA;FrMed5;10;2;46
766;17Networks;RH;SalVentAttnA;FrMed6;8;14;50
767;17Networks;RH;SalVentAttnA;FrMed7;6;0;54
768;17Networks;RH;SalVentAttnA;FrMed8;6;0;66
769;17Networks;RH;SalVentAttnA;FrMed9;16;6;70
770;17Networks;RH;SalVentAttnA;FrMed10;12;-4;72
771;17Networks;RH;SalVentAttnB;IPL1;54;-42;28
772;17Networks;RH;SalVentAttnB;IPL2;64;-40;28
773;17Networks;RH;SalVentAttnB;IPL3;64;-34;40
774;17Networks;RH;SalVentAttnB;IPL4;58;-38;38
775;17Networks;RH;SalVentAttnB;PFCl1;42;48;18
776;17Networks;RH;SalVentAttnB;PFCl2;32;48;20
777;17Networks;RH;SalVentAttnB;PFCl3;24;56;26
778;17Networks;RH;SalVentAttnB;PFCl4;38;42;30
779;17Networks;RH;SalVentAttnB;PFCl5;28;44;32
780;17Networks;RH;SalVentAttnB;PFCl6;36;36;40
781;17Networks;RH;SalVentAttnB;PFClv1;50;40;4
782;17Networks;RH;SalVentAttnB;PFClv2;40;50;6
783;17Networks;RH;SalVentAttnB;Ins1;32;20;-12
784;17Networks;RH;SalVentAttnB;Ins2;34;20;-6
785;17Networks;RH;SalVentAttnB;Ins3;34;26;-8
786;17Networks;RH;SalVentAttnB;Ins4;42;26;-6
787;17Networks;RH;SalVentAttnB;Ins5;34;24;2
788;17Networks;RH;SalVentAttnB;Ins6;38;30;2
789;17Networks;RH;SalVentAttnB;Ins7;42;24;6
790;17Networks;RH;SalVentAttnB;Ins8;48;20;2
791;17Networks;RH;SalVentAttnB;Ins9;52;14;8
792;17Networks;RH;SalVentAttnB;PFCmp1;8;36;20
793;17Networks;RH;SalVentAttnB;PFCmp2;4;24;26
794;17Networks;RH;SalVentAttnB;PFCmp3;10;28;28
795;17Networks;RH;SalVentAttnB;PFCmp4;8;24;38
796;17Networks;RH;SalVentAttnB;PFCmp5;4;10;60
797;17Networks;RH;SalVentAttnB;Cinga1;6;20;22
798;17Networks;RH;LimbicB;OFC1;20;14;-22
799;17Networks;RH;LimbicB;OFC2;14;16;-16
800;17Networks;RH;LimbicB;OFC3;16;26;-24
801;17Networks;RH;LimbicB;OFC4;10;28;-20
802;17Networks;RH;LimbicB;OFC5;10;40;-24
803;17Networks;RH;LimbicB;OFC6;24;28;-18
804;17Networks;RH;LimbicB;OFC7;28;18;-20
805;17Networks;RH;LimbicB;OFC8;16;48;-20
806;17Networks;RH;LimbicB;OFC9;24;40;-16
807;17Networks;RH;LimbicB;OFC10;4;20;-20
808;17Networks;RH;LimbicB;OFC11;4;40;-26
809;17Networks;RH;LimbicB;OFC12;6;54;-22
810;17Networks;RH;LimbicB;OFC13;14;60;-18
811;17Networks;RH;LimbicB;OFC14;4;26;-12
812;17Networks;RH;LimbicB;OFC15;6;64;-12
813;17Networks;RH;LimbicB;OFC16;22;62;-10
814;17Networks;RH;LimbicA;TempPole1;28;2;-44
815;17Networks;RH;LimbicA;TempPole2;34;10;-40
816;17Networks;RH;LimbicA;TempPole3;48;-6;-40
817;17Networks;RH;LimbicA;TempPole4;40;-10;-34
818;17Networks;RH;LimbicA;TempPole5;32;-10;-36
819;17Networks;RH;LimbicA;TempPole6;20;0;-32
820;17Networks;RH;LimbicA;TempPole7;24;8;-32
821;17Networks;RH;LimbicA;TempPole8;50;-20;-30
822;17Networks;RH;LimbicA;TempPole9;42;-20;-26
823;17Networks;RH;LimbicA;TempPole10;38;20;-32
824;17Networks;RH;LimbicA;TempPole11;60;-20;-30
825;17Networks;RH;LimbicA;TempPole12;22;-12;-30
826;17Networks;RH;LimbicA;TempPole13;44;-30;-22
827;17Networks;RH;LimbicA;TempPole14;32;10;-28
828;17Networks;RH;LimbicA;TempPole15;42;12;-22
829;17Networks;RH;ContA;Temp1;58;-54;-16
830;17Networks;RH;ContA;Temp2;66;-46;-2
831;17Networks;RH;ContA;IPS1;36;-72;40
832;17Networks;RH;ContA;IPS2;60;-32;50
833;17Networks;RH;ContA;IPS3;54;-34;50
834;17Networks;RH;ContA;IPS4;48;-40;46
835;17Networks;RH;ContA;IPS5;38;-68;50
836;17Networks;RH;ContA;IPS6;32;-68;48
837;17Networks;RH;ContA;IPS7;48;-36;56
838;17Networks;RH;ContA;IPS8;44;-48;46
839;17Networks;RH;ContA;IPS9;44;-40;44
840;17Networks;RH;ContA;IPS10;38;-42;44
841;17Networks;RH;ContA;IPS11;36;-52;42
842;17Networks;RH;ContA;IPS12;36;-58;50
843;17Networks;RH;ContA;PFCd1;24;8;62
844;17Networks;RH;ContA;PFCl1;54;30;14
845;17Networks;RH;ContA;PFCl2;42;38;12
846;17Networks;RH;ContA;PFCl3;54;18;20
847;17Networks;RH;ContA;PFCl4;50;12;22
848;17Networks;RH;ContA;PFCl5;46;28;22
849;17Networks;RH;ContA;PFCl6;44;18;24
850;17Networks;RH;ContA;PFCl7;46;36;26
851;17Networks;RH;ContA;PFCl8;44;8;26
852;17Networks;RH;ContA;PFCl9;42;18;30
853;17Networks;RH;ContA;PFCl10;36;8;34
854;17Networks;RH;ContA;PFCl11;50;4;40
855;17Networks;RH;ContA;Cingm1;6;8;28
856;17Networks;RH;ContA;Cingm2;6;0;30
857;17Networks;RH;ContB;Temp1;60;-28;-24
858;17Networks;RH;ContB;Temp2;64;-24;-16
859;17Networks;RH;ContB;Temp3;60;-38;-18
860;17Networks;RH;ContB;Temp4;68;-30;-12
861;17Networks;RH;ContB;Temp5;64;-40;-10
862;17Networks;RH;ContB;IPL1;54;-46;32
863;17Networks;RH;ContB;IPL2;60;-46;32
864;17Networks;RH;ContB;IPL3;58;-46;40
865;17Networks;RH;ContB;IPL4;40;-76;42
866;17Networks;RH;ContB;IPL5;52;-58;44
867;17Networks;RH;ContB;IPL6;56;-50;46
868;17Networks;RH;ContB;IPL7;56;-42;48
869;17Networks;RH;ContB;IPL8;44;-68;48
870;17Networks;RH;ContB;IPL9;48;-58;54
871;17Networks;RH;ContB;IPL10;50;-44;50
872;17Networks;RH;ContB;IPL11;48;-50;54
873;17Networks;RH;ContB;IPL12;42;-58;50
874;17Networks;RH;ContB;PFCld1;50;24;32
875;17Networks;RH;ContB;PFCld2;44;30;36
876;17Networks;RH;ContB;PFCld3;48;16;40
877;17Networks;RH;ContB;PFCld4;40;10;46
878;17Networks;RH;ContB;PFCld5;42;24;48
879;17Networks;RH;ContB;PFCld6;32;30;46
880;17Networks;RH;ContB;PFCld7;44;6;50
881;17Networks;RH;ContB;PFCld8;38;10;58
882;17Networks;RH;ContB;PFCld9;30;16;54
883;17Networks;RH;ContB;PFCld10;24;16;46
884;17Networks;RH;ContB;PFCld11;20;18;62
885;17Networks;RH;ContB;PFClv1;36;38;-12
886;17Networks;RH;ContB;PFClv2;28;52;-14
887;17Networks;RH;ContB;PFClv3;40;52;-12
888;17Networks;RH;ContB;PFClv4;32;58;-2
889;17Networks;RH;ContB;PFClv5;44;50;-4
890;17Networks;RH;ContB;PFClv6;24;62;2
891;17Networks;RH;ContB;PFClv7;32;56;10
892;17Networks;RH;ContB;PFClv8;26;60;14
893;17Networks;RH;ContB;PFCmp1;6;36;32
894;17Networks;RH;ContB;PFCmp2;4;38;48
895;17Networks;RH;ContB;PFCmp3;6;26;48
896;17Networks;RH;ContC;pCun1;18;-64;26
897;17Networks;RH;ContC;pCun2;14;-68;36
898;17Networks;RH;ContC;pCun3;6;-38;40
899;17Networks;RH;ContC;pCun4;14;-76;44
900;17Networks;RH;ContC;pCun5;8;-44;40
901;17Networks;RH;ContC;pCun6;8;-50;44
902;17Networks;RH;ContC;pCun7;6;-74;46
903;17Networks;RH;ContC;pCun8;6;-62;44
904;17Networks;RH;ContC;pCun9;6;-52;50
905;17Networks;RH;ContC;pCun10;4;-66;52
906;17Networks;RH;ContC;pCun11;8;-56;54
907;17Networks;RH;ContC;Cingp1;8;-42;22
908;17Networks;RH;ContC;Cingp2;6;-22;26
909;17Networks;RH;ContC;Cingp3;6;-32;26
910;17Networks;RH;ContC;Cingp4;6;-16;30
911;17Networks;RH;DefaultA;Temp1;58;-4;-18
912;17Networks;RH;DefaultA;Temp2;66;-12;-12
913;17Networks;RH;DefaultA;IPL1;50;-50;18
914;17Networks;RH;DefaultA;IPL2;56;-46;22
915;17Networks;RH;DefaultA;IPL3;46;-54;28
916;17Networks;RH;DefaultA;IPL4;58;-52;24
917;17Networks;RH;DefaultA;IPL5;48;-60;34
918;17Networks;RH;DefaultA;IPL6;48;-68;36
919;17Networks;RH;DefaultA;IPL7;56;-54;34
920;17Networks;RH;DefaultA;IPL8;48;-62;42
921;17Networks;RH;DefaultA;PFCd1;20;46;36
922;17Networks;RH;DefaultA;PFCd2;26;34;34
923;17Networks;RH;DefaultA;PFCd3;22;40;46
924;17Networks;RH;DefaultA;PFCd4;26;28;42
925;17Networks;RH;DefaultA;PFCd5;24;26;54
926;17Networks;RH;DefaultA;pCunPCC1;6;-46;14
927;17Networks;RH;DefaultA;pCunPCC2;6;-52;20
928;17Networks;RH;DefaultA;pCunPCC3;4;-62;22
929;17Networks;RH;DefaultA;pCunPCC4;4;-46;28
930;17Networks;RH;DefaultA;pCunPCC5;6;-66;28
931;17Networks;RH;DefaultA;pCunPCC6;8;-54;28
932;17Networks;RH;DefaultA;pCunPCC7;6;-38;32
933;17Networks;RH;DefaultA;pCunPCC8;4;-30;36
934;17Networks;RH;DefaultA;pCunPCC9;12;-44;34
935;17Networks;RH;DefaultA;pCunPCC10;4;-16;38
936;17Networks;RH;DefaultA;pCunPCC11;4;-66;36
937;17Networks;RH;DefaultA;pCunPCC12;10;-54;36
938;17Networks;RH;DefaultA;PFCm1;6;46;-12
939;17Networks;RH;DefaultA;PFCm2;6;34;-6
940;17Networks;RH;DefaultA;PFCm3;8;52;-4
941;17Networks;RH;DefaultA;PFCm4;8;68;0
942;17Networks;RH;DefaultA;PFCm5;10;46;0
943;17Networks;RH;DefaultA;PFCm6;18;68;10
944;17Networks;RH;DefaultA;PFCm7;8;42;6
945;17Networks;RH;DefaultA;PFCm8;8;58;10
946;17Networks;RH;DefaultA;PFCm9;6;30;14
947;17Networks;RH;DefaultA;PFCm10;8;46;22
948;17Networks;RH;DefaultB;Temp1;64;-22;-8
949;17Networks;RH;DefaultB;Temp2;54;-26;-6
950;17Networks;RH;DefaultB;Temp3;64;-34;-2
951;17Networks;RH;DefaultB;AntTemp1;48;10;-36
952;17Networks;RH;DefaultB;AntTemp2;50;0;-32
953;17Networks;RH;DefaultB;AntTemp3;60;-8;-24
954;17Networks;RH;DefaultB;AntTemp4;52;8;-26
955;17Networks;RH;DefaultB;PFCd1;16;64;20
956;17Networks;RH;DefaultB;PFCd2;6;58;28
957;17Networks;RH;DefaultB;PFCd3;16;54;36
958;17Networks;RH;DefaultB;PFCd4;4;46;36
959;17Networks;RH;DefaultB;PFCd5;10;48;48
960;17Networks;RH;DefaultB;PFCd6;14;34;56
961;17Networks;RH;DefaultB;PFCd7;6;24;60
962;17Networks;RH;DefaultB;PFCd8;12;20;64
963;17Networks;RH;DefaultB;PFCv1;36;26;-20
964;17Networks;RH;DefaultB;PFCv2;42;26;-14
965;17Networks;RH;DefaultB;PFCv3;48;34;-14
966;17Networks;RH;DefaultB;PFCv4;50;34;-6
967;17Networks;RH;DefaultB;PFCv5;52;30;2
968;17Networks;RH;DefaultB;PFCv6;56;22;10
969;17Networks;RH;DefaultC;IPL1;50;-64;26
970;17Networks;RH;DefaultC;IPL2;46;-76;28
971;17Networks;RH;DefaultC;Rsp1;12;-44;2
972;17Networks;RH;DefaultC;Rsp2;10;-48;8
973;17Networks;RH;DefaultC;Rsp3;10;-54;14
974;17Networks;RH;DefaultC;Rsp4;16;-58;22
975;17Networks;RH;DefaultC;PHC1;34;-22;-26
976;17Networks;RH;DefaultC;PHC2;22;-22;-24
977;17Networks;RH;DefaultC;PHC3;30;-32;-16
978;17Networks;RH;DefaultC;PHC4;20;-32;-16
979;17Networks;RH;TempPar;1;48;18;-22
980;17Networks;RH;TempPar;2;54;4;-14
981;17Networks;RH;TempPar;3;50;-8;-12
982;17Networks;RH;TempPar;4;50;-18;-10
983;17Networks;RH;TempPar;5;60;-2;-6
984;17Networks;RH;TempPar;6;56;-12;-4
985;17Networks;RH;TempPar;7;48;-22;-4
986;17Networks;RH;TempPar;8;62;-14;-2
987;17Networks;RH;TempPar;9;48;-30;0
988;17Networks;RH;TempPar;10;56;-38;0
989;17Networks;RH;TempPar;11;64;-46;4
990;17Networks;RH;TempPar;12;62;-24;2
991;17Networks;RH;TempPar;13;48;-36;4
992;17Networks;RH;TempPar;14;56;-32;4
993;17Networks;RH;TempPar;15;56;-42;8
994;17Networks;RH;TempPar;16;58;-54;8
995;17Networks;RH;TempPar;17;58;-48;10
996;17Networks;RH;TempPar;18;52;-40;12
997;17Networks;RH;TempPar;19;64;-36;12
998;17Networks;RH;TempPar;20;50;-54;14
999;17Networks;RH;TempPar;21;52;-44;18
1000;17Networks;RH;TempPar;22;56;-40;20